case_id,E_GPa,I_m4,L_m,w_N_per_m,expected_max_deflection_m
C1,200,8e-6,2,500,0.000625
C2,70,5e-6,1.5,300,0.0005424107143
C3,210,1.2e-5,3,1000,0.0040178571429
